Clip,Group,Source,Output,Gain dB,Before loudness,Before dBTP,After loudness,After dBTP,GPS volume %,Balanced loudness,Original full-scale samples
Vogelruf 01,effects,Assets/Resources/BirdChirps/BirdChirp_01.wav,Assets/Resources/BirdChirps/BirdChirp_01.wav,1.7593514768801963,-7.1525062514556605,-2.9693514768801963,-5.393154779150172,-1.209999415024969,9.905487984197972,-25.475637269242668,0
Vogelruf 02,effects,Assets/Resources/BirdChirps/BirdChirp_02.wav,Assets/Resources/BirdChirps/BirdChirp_02.wav,1.730001063769433,-7.478901164694703,-2.940001063769433,-5.748900100347934,-1.2099993825333835,10.319606598873886,-25.475637269242668,0
Vogelruf 03,effects,Assets/Resources/BirdChirps/BirdChirp_03.wav,Assets/Resources/BirdChirps/BirdChirp_03.wav,1.7968773714655106,-7.372434416411147,-3.0068773714655106,-5.5755570556465806,-1.2099995542125,10.115701124360365,-25.475637269242668,0
Vogelruf 04,effects,Assets/Resources/BirdChirps/BirdChirp_04.wav,Assets/Resources/BirdChirps/BirdChirp_04.wav,1.795055844665029,-7.084031370958929,-3.005055844665029,-5.288975529978856,-1.20999995317326,9.787390427241627,-25.475637269242668,0
PlaceTorch 01,effects,Assets/AC Audio/Torches/PlaceTorch_01.wav,Assets/AC Audio/Torches/PlaceTorch_01.wav,1.0159875681852997,-18.727262999525607,-2.2259875681852996,-17.711275380597492,-1.2100002137707417,40.90551884035341,-25.475637269242668,0
RemoveTorch 01,effects,Assets/AC Audio/Torches/RemoveTorch_01.wav,Assets/AC Audio/Torches/RemoveTorch_01.wav,5.175329136501955,-24.328952256956008,-6.385329136501955,-19.153623104433144,-1.2099999549390437,48.29467988622343,-25.475637269242668,0
MetalHitBlunt,effects,Assets/Resources/Audio/MetalHitBlunt.wav,Assets/Resources/Audio/MetalHitBlunt.wav,0.2732171293744192,-13.986674883615022,-1.4832171293744192,-13.71345775415901,-1.2099992367099757,25.81612315838354,-25.475637269242668,0
Energiewarnung,effects,Assets/Resources/Audio/LowEnergyBip.wav,Assets/Resources/Audio/LowEnergyBip.wav,7.8668211517495505,-13.519737375166358,-9.07682115174955,-6.817533880700928,-1.210000901463019,11.670644241340158,-25.475637269242668,0
Altar-Ambiente,ambience,Assets/Resources/Audio/UltroniumAltarAmbience.wav,Assets/Resources/Audio/UltroniumAltarAmbience.wav,-1.303702108916476,-9.22720032648045,0.09370210891647601,-10.530902413714648,-1.2099986653983097,18.292354950432095,-25.285510014255973,32712
Lade-Spitzhacke,effects,Assets/Resources/Audio/LoadingPickaxeHit.wav,Assets/Resources/Audio/LoadingPickaxeHit.wav,-5.291660882919663,-13.282170069251645,4.081660882919663,-18.57383079074283,-1.2099987954848785,45.176197781475175,-25.475637269242668,191
Geröll 01,effects,Assets/Resources/Audio/LightRubble01.wav,Assets/Resources/Audio/LightRubble01.wav,-0.27288438713496577,-19.349852445403748,-0.9371156128650342,-19.62273681107077,-1.2100010595828516,50.97473504483898,-25.475637269242668,0
alert,effects,Assets/AC Audio/alert.wav,Assets/AC Audio/alert.wav,-1.2607288291008412,-11.601100839710343,0.05072882910084131,-12.861829676418544,-1.2100002917414494,23.405052539122245,-25.475637269242668,37
Höhlen-Ambiente,ambience,Assets/AC Audio/Ambience/CaveAmbience.mp3,Assets/AC Audio/Ambience/CaveAmbience.wav,15.39566333024586,-40.68117334310154,-16.60566333024586,-25.285510014255973,-1.2100010595828516,100.0,-25.285510014255973,0
Höhlen-Tribal-Musik,music,Assets/AC Audio/Ambience/CaveTribalSong.wav,Assets/AC Audio/Ambience/CaveTribalSong.wav,0.06420438703227194,-18.58498580539555,-1.274204387032272,-18.520781418031245,-1.2100011797827668,100.0,-18.520781418031245,0
Geisterflüstern 01,effects,Assets/AC Audio/Ambience/GhostWhispers/dragon-studio-creepy-ghost-sound-487677.mp3,Assets/AC Audio/Ambience/GhostWhispers/dragon-studio-creepy-ghost-sound-487677.wav,10.4073675436798,-22.82640973702017,-11.6173675436798,-12.419042201172484,-1.209999868612916,22.24181615153601,-25.475637269242668,0
Geisterflüstern 02,effects,Assets/AC Audio/Ambience/GhostWhispers/ghost whisper.mp3,Assets/AC Audio/Ambience/GhostWhispers/ghost whisper.wav,3.15369937875347,-17.93388206304528,-4.36369937875347,-14.780182688262492,-1.209999868612916,29.189541343295723,-25.475637269242668,0
Geisterflüstern 03,effects,Assets/AC Audio/Ambience/GhostWhispers/ghost1.mp3,Assets/AC Audio/Ambience/GhostWhispers/ghost1.wav,6.69850584537897,-18.745197088956385,-7.90850584537897,-12.046691243595575,-1.2100010595828516,21.30849116080333,-25.475637269242668,0
Fallende Steine 01,effects,Assets/AC Audio/Ambience/Layer1Details/freesound_community-rocks-6129.mp3,Assets/AC Audio/Ambience/Layer1Details/freesound_community-rocks-6129.wav,-1.1590942362333516,-20.130201699987133,-0.05090576376664845,-21.28929593372777,-1.209999868612916,61.75653675715973,-25.475637269242668,0
Fallende Steine 02,effects,Assets/AC Audio/Ambience/Layer1Details/freesound_community-stones-falling-6375.mp3,Assets/AC Audio/Ambience/Layer1Details/freesound_community-stones-falling-6375.wav,0.846164274256707,-15.465962711886144,-2.056164274256707,-14.61979842541905,-1.2099990945898926,28.65550442693513,-25.475637269242668,0
Kiesrutsch 01,effects,Assets/AC Audio/Ambience/Layer1Details/gravel slide.mp3,Assets/AC Audio/Ambience/Layer1Details/gravel slide.wav,-1.2831735585105735,-15.002773081294313,0.07317355851057339,-16.285946646851137,-1.2100010595828516,34.71486405513056,-25.475637269242668,13
Kiesrutsch 02,effects,Assets/AC Audio/Ambience/Layer1Details/gravel_slide_trocken_variante.mp3,Assets/AC Audio/Ambience/Layer1Details/gravel_slide_trocken_variante.wav,5.1977961452260235,-25.15998008681355,-6.4077961452260235,-19.96218392284205,-1.210000451912126,53.006280772427374,-25.475637269242668,0
Sandrieseln 01,effects,Assets/AC Audio/Ambience/Layer1Details/Sandrieseln_02_Weich_Laenger_weicher_Ausklang.wav,Assets/AC Audio/Ambience/Layer1Details/Sandrieseln_02_Weich_Laenger_weicher_Ausklang.wav,14.22049007162249,-26.846529158797832,-15.43049007162249,-12.626039073572237,-1.2100001704759462,22.778236102487973,-25.475637269242668,0
Sandrieseln 02,effects,Assets/AC Audio/Ambience/Layer1Details/Sandrieseln_03_Zwei_Schuebe_weicher_Ausklang_laut.wav,Assets/AC Audio/Ambience/Layer1Details/Sandrieseln_03_Zwei_Schuebe_weicher_Ausklang_laut.wav,1.8565449888060654,-14.089194381351836,-3.0665449888060654,-12.23264935438572,-1.2099992758149685,21.769607768417647,-25.475637269242668,0
Wiesen-Ambiente,ambience,Assets/AC Audio/Ambience/MeadowAmbience.mp3,Assets/AC Audio/Ambience/MeadowAmbience.wav,5.940294117315114,-27.974600595825805,-7.150294117315114,-22.034306479231976,-1.2099989554188777,68.77646076045156,-25.285510014255973,0
Untergrund-Ambiente,ambience,Assets/AC Audio/Ambience/UndergroundClay.wav,Assets/AC Audio/Ambience/UndergroundClay.wav,16.09120803529186,-30.186361894035247,-17.30120803529186,-14.095153857143108,-1.209999868612916,27.572883898913837,-25.285510014255973,0
Wind,ambience,Assets/AC Audio/Ambience/WindAmbience.mp3,Assets/AC Audio/Ambience/WindAmbience.wav,24.96439943419358,-45.065033058213004,-26.17439943419358,-20.105856096364523,-1.2100010595828516,55.08296433209887,-25.285510014255973,0
click,effects,Assets/AC Audio/click.wav,Assets/AC Audio/click.wav,-0.7706691113713788,-17.350461809600347,-0.43933088862862113,-18.12113092357121,-1.2100010595828516,42.8819654640747,-25.475637269242668,0
door,effects,Assets/AC Audio/door.wav,Assets/AC Audio/door.wav,33.952871232522746,-44.30468071175636,-35.16287123252275,-10.351809484736407,-1.2099997525371315,17.53107754566949,-25.475637269242668,0
DryGrass,effects,Assets/AC Audio/Grass/DryGrass.mp3,Assets/AC Audio/Grass/DryGrass.wav,2.9867002305982266,-17.926742158106574,-4.196700230598227,-14.94004191111941,-1.210000250571536,29.73173355054552,-25.475637269242668,0
Hurt,effects,Assets/AC Audio/Hurt.wav,Assets/AC Audio/Hurt.wav,-1.5690561949417745,-5.782056882605129,0.35905619494177443,-7.351113122019238,-1.210001282689439,12.410057468624295,-25.475637269242668,576
ClayBreak L1L2,effects,Assets/AC Audio/Mining/ClayBreak_L1L2.wav,Assets/AC Audio/Mining/ClayBreak_L1L2.wav,0.44875736188530757,-16.261323802659845,-1.6587573618853075,-15.812566435382706,-1.209999646146436,32.87353882947708,-25.475637269242668,0
Dirt Crumble,effects,Assets/AC Audio/Mining/Dirt_Crumble.wav,Assets/AC Audio/Mining/Dirt_Crumble.wav,0.1793332005958712,-19.702609175163143,-1.3893332005958712,-19.52327597949079,-1.2100006108095964,50.394360163257765,-25.475637269242668,0
DirtHit 01,effects,Assets/AC Audio/Mining/DirtHits/DirtHit_01.wav,Assets/AC Audio/Mining/DirtHits/DirtHit_01.wav,-3.787603556898476,-12.760039062119011,2.577603556898476,-16.547642433687326,-1.209999666771166,35.77669826566622,-25.475637269242668,24
DirtHit 02,effects,Assets/AC Audio/Mining/DirtHits/DirtHit_02.wav,Assets/AC Audio/Mining/DirtHits/DirtHit_02.wav,-5.536372037282111,-9.961906022873716,4.326372037282111,-15.49827805228167,-1.209998820597848,31.705312575271638,-25.475637269242668,12
DirtHit 03,effects,Assets/AC Audio/Mining/DirtHits/DirtHit_03.wav,Assets/AC Audio/Mining/DirtHits/DirtHit_03.wav,-3.3869836060065066,-10.421244642074896,2.1769836060065066,-13.8082280821839,-1.210000412261341,26.099340937914544,-25.475637269242668,26
DirtHit 04,effects,Assets/AC Audio/Mining/DirtHits/DirtHit_04.wav,Assets/AC Audio/Mining/DirtHits/DirtHit_04.wav,-5.014702318002943,-9.476034532830738,3.8047023180029433,-14.490736836454294,-1.2100003697473096,28.232866746630584,-25.475637269242668,40
DirtHit 05,effects,Assets/AC Audio/Mining/DirtHits/DirtHit_05.wav,Assets/AC Audio/Mining/DirtHits/DirtHit_05.wav,-2.5256620862441626,-12.898411826825294,1.3156620862441626,-15.424073941112328,-1.209999455096635,31.435605762094575,-25.475637269242668,18
DirtHit 06,effects,Assets/AC Audio/Mining/DirtHits/DirtHit_06.wav,Assets/AC Audio/Mining/DirtHits/DirtHit_06.wav,-4.45858333916333,-9.767986687343951,3.2485833391633303,-14.226570066982598,-1.2099989791012224,27.38713735262438,-25.475637269242668,33
OreBreak,effects,Assets/AC Audio/Mining/OreBreak.wav,Assets/AC Audio/Mining/OreBreak.wav,-5.952548528611149,-9.90108669658573,4.742548528611149,-15.853635012520394,-1.2100001427742118,33.02933935809261,-25.475637269242668,159
Pickaxe2,effects,Assets/AC Audio/Mining/Pickaxe2.wav,Assets/AC Audio/Mining/Pickaxe2.wav,-1.882956146656476,-10.021758849719214,0.672956146656476,-11.904715025702844,-1.2099990957354003,20.963021889545434,-25.475637269242668,73
Stone Thud,effects,Assets/AC Audio/Mining/Stone_Thud.wav,Assets/AC Audio/Mining/Stone_Thud.wav,4.784950368287944,-24.157567682242007,-5.994950368287944,-19.372617349383734,-1.2100010595828516,49.527796206840286,-25.475637269242668,0
StoneBreak,effects,Assets/AC Audio/Mining/StoneBreak.wav,Assets/AC Audio/Mining/StoneBreak.wav,-0.46514913883027975,-19.124319801802308,-0.7448508611697202,-19.589468942295678,-1.209999252120145,50.77986987578029,-25.475637269242668,0
StoneBreak L3,effects,Assets/AC Audio/Mining/StoneBreak_L3.wav,Assets/AC Audio/Mining/StoneBreak_L3.wav,-3.5090132030690038,-8.657016999003426,2.299013203069004,-12.166030189818622,-1.2099994690191906,21.603277585616574,-25.475637269242668,377
TransitionStone Crumble,effects,Assets/AC Audio/Mining/TransitionStone_Crumble.wav,Assets/AC Audio/Mining/TransitionStone_Crumble.wav,1.7553043537358262,-19.394092261837628,-2.965304353735826,-17.638787929316088,-1.209999868612916,40.56556535158259,-25.475637269242668,0
Mining,effects,Assets/AC Audio/Mining.wav,Assets/AC Audio/Mining.wav,4.935219815871642,-24.81494381278796,-6.145219815871642,-19.879724022144902,-1.2099999455000607,52.50544427857481,-25.475637269242668,0
Mining2,effects,Assets/AC Audio/Mining2.wav,Assets/AC Audio/Mining2.wav,8.786538698122282,-27.500266098213874,-9.996538698122281,-18.713727367664433,-1.2099991365925786,45.909705293169985,-25.475637269242668,0
Money v1,effects,Assets/AC Audio/Money v1.wav,Assets/AC Audio/Money v1.wav,2.6755971315267986,-21.557087679671596,-3.8855971315267985,-18.881490588414973,-1.209999868612916,46.805044874309765,-25.475637269242668,0
Ore Digging,effects,Assets/AC Audio/Ore Digging.wav,Assets/AC Audio/Ore Digging.wav,6.888918440123725,-27.056722770632444,-8.098918440123725,-20.167804304883195,-1.2099991076668546,54.276064735705454,-25.475637269242668,0
Pickaxe 1,effects,Assets/AC Audio/Pickaxe 1.wav,Assets/AC Audio/Pickaxe 1.wav,-2.0482160962474323,-13.595892188128559,0.8382160962474323,-15.644108312343993,-1.2100013576832749,32.242117188907,-25.475637269242668,3
pickaxe 3,effects,Assets/AC Audio/pickaxe 3.wav,Assets/AC Audio/pickaxe 3.wav,4.417930428581869,-20.877346362529675,-5.627930428581869,-16.459415967106505,-1.2100001377089238,35.41513771187776,-25.475637269242668,0
recharge,effects,Assets/AC Audio/recharge.wav,Assets/AC Audio/recharge.wav,-0.30082773312234357,-12.249959802527208,-0.9091722668776564,-12.550787546659887,-1.2100000584280262,22.58174577800353,-25.475637269242668,0
OldTreeFalls,effects,Assets/AC Audio/Trees/OldTreeFalls.mp3,Assets/AC Audio/Trees/OldTreeFalls.wav,-0.6002265462541038,-21.705838207958063,-0.6097734537458962,-22.30606475663242,-1.209999886271123,69.42587697243509,-25.475637269242668,0
Bling,effects,Assets/AC Audio/UI/Bling.mp3,Assets/AC Audio/UI/Bling.wav,16.73046263408564,-25.484218472675426,-17.94046263408564,-8.753755849604644,-1.209999868612916,14.584983059310291,-25.475637269242668,0
Crafting,effects,Assets/AC Audio/UI/Crafting.wav,Assets/AC Audio/UI/Crafting.wav,-1.5239584343495753,-11.745941047350732,0.31395843434957543,-13.269899484470335,-1.2099992799484385,24.530879026397773,-25.475637269242668,19
Crafting2,effects,Assets/AC Audio/UI/Crafting2.wav,Assets/AC Audio/UI/Crafting2.wav,-1.610775888999766,-12.275981742286282,0.40077588899976613,-13.8867576258486,-1.209999334925125,26.336376236791526,-25.475637269242668,22
DingLight,effects,Assets/AC Audio/UI/DingLight.mp3,Assets/AC Audio/UI/DingLight.wav,15.672159595777877,-32.96447913622119,-16.88215959577788,-17.29231951551093,-1.2099992709420828,38.97930687783,-25.475637269242668,0
ItemInBag,effects,Assets/AC Audio/UI/ItemInBag.mp3,Assets/AC Audio/UI/ItemInBag.wav,8.66220559449334,-29.570642340594613,-9.872205594493341,-20.90843674420833,-1.2100005805690703,59.10714380694736,-25.475637269242668,0
Wood 01,effects,Assets/AC Audio/Wood/LadderPlace/Wood_01.wav,Assets/AC Audio/Wood/LadderPlace/Wood_01.wav,7.2095562794777885,-28.613740707841743,-8.419556279477789,-21.4041843326721,-1.2100005253650994,62.5788176133009,-25.475637269242668,0
Wood 02,effects,Assets/AC Audio/Wood/LadderPlace/Wood_02.wav,Assets/AC Audio/Wood/LadderPlace/Wood_02.wav,6.871583113976569,-27.82072262858175,-8.081583113976569,-20.949139598952776,-1.2100010595828516,59.38477515740177,-25.475637269242668,0
Wood 03,effects,Assets/AC Audio/Wood/LadderPlace/Wood_03.wav,Assets/AC Audio/Wood/LadderPlace/Wood_03.wav,5.798833152080842,-27.838785392912197,-7.008833152080842,-22.03995220263699,-1.2100001365064004,67.33110573610392,-25.475637269242668,0
Wood 04,effects,Assets/AC Audio/Wood/LadderPlace/Wood_04.wav,Assets/AC Audio/Wood/LadderPlace/Wood_04.wav,11.45669685964788,-32.332570395618134,-12.666696859647882,-20.875873612887645,-1.2100002987026386,58.88596780492967,-25.475637269242668,0
Wood 05,effects,Assets/AC Audio/Wood/LadderPlace/Wood_05.wav,Assets/AC Audio/Wood/LadderPlace/Wood_05.wav,12.369521708584784,-31.417497602624685,-13.579521708584783,-19.04797583902028,-1.2100010595828516,47.71082524022898,-25.475637269242668,0
LadderRemove,effects,Assets/AC Audio/Wood/LadderRemove.wav,Assets/AC Audio/Wood/LadderRemove.wav,1.2680631575393004,-12.628296172572826,-2.4780631575393004,-11.360233027937483,-1.2100010595828516,19.689277861943093,-25.475637269242668,0
WoodChopping 01,effects,Assets/AC Audio/WoodChopping/WoodChopping_01.wav,Assets/AC Audio/WoodChopping/WoodChopping_01.wav,-2.8969225789764694,-10.6679347662993,1.6869225789764695,-13.564857381338246,-1.2100011499653933,25.37821110072271,-25.475637269242668,119
WoodChopping 02,effects,Assets/AC Audio/WoodChopping/WoodChopping_02.wav,Assets/AC Audio/WoodChopping/WoodChopping_02.wav,-2.661425128555101,-13.495229345118167,1.4514251285551014,-16.156654372598908,-1.2099994409186692,34.201949008731425,-25.475637269242668,69
WoodChopping 03,effects,Assets/AC Audio/WoodChopping/WoodChopping_03.wav,Assets/AC Audio/WoodChopping/WoodChopping_03.wav,-1.8794728740603501,-18.2602976324343,0.66947287406035,-20.13977050706475,-1.209999936346097,54.10117056873683,-25.475637269242668,26
WoodChopping 04,effects,Assets/AC Audio/WoodChopping/WoodChopping_04.wav,Assets/AC Audio/WoodChopping/WoodChopping_04.wav,-3.265270972765481,-12.439599678908651,2.055270972765481,-15.704870663200438,-1.2099990271565164,32.468458463712565,-25.475637269242668,91
WoodChopping 05,effects,Assets/AC Audio/WoodChopping/WoodChopping_05.wav,Assets/AC Audio/WoodChopping/WoodChopping_05.wav,-2.965508457706531,-11.274689520081564,1.7555084577065314,-14.24019784677721,-1.2099999439058937,27.43014029570887,-25.475637269242668,101
ArtifactCollected,effects,Assets/Resources/Audio/ArtifactCollected.wav,Assets/Resources/Audio/ArtifactCollected.wav,-1.2422194714796706,-8.838368063665797,0.03221947147967068,-10.08058753702287,-1.2099999243591337,16.992117924260473,-25.475637269242668,61
BoneBreaking 01,effects,Assets/Resources/Audio/BoneBreaking_01.mp3,Assets/Resources/Audio/BoneBreaking_01.wav,-0.0570598498899102,-16.07279613396517,-1.1529401501100898,-16.12985599449751,-1.210000608691848,34.096589127754655,-25.475637269242668,0
Cloth1,effects,Assets/Resources/Audio/Cloth1.wav,Assets/Resources/Audio/Cloth1.wav,-1.1415935425500008,-18.62979325607611,-0.06840645744999925,-19.771386816561176,-1.2099992239376371,51.854622548514854,-25.475637269242668,0
Ding4,effects,Assets/Resources/Audio/Ding4.wav,Assets/Resources/Audio/Ding4.wav,-2.3917725889984265,-14.965998399255474,1.1817725889984263,-17.35777101477733,-1.209999736111668,39.274140304160525,-25.475637269242668,0
Game-over-Musik,music,Assets/Resources/Audio/GameOverMusic.wav,Assets/Resources/Audio/GameOverMusic.wav,-1.8162158797778236,-7.317278924402244,0.6062158797778238,-9.133494794992659,-1.2099992154562935,33.93404792413265,-18.520781418031245,5568
Menüklick,effects,Assets/Resources/Audio/HomeClick.wav,Assets/Resources/Audio/HomeClick.wav,-0.7706691113713788,-17.350461809600347,-0.43933088862862113,-18.12113092357121,-1.2100010595828516,42.8819654640747,-25.475637269242668,0
Homescreen-Musik,music,Assets/Resources/Audio/HomescreenAmbience.wav,Assets/Resources/Audio/HomescreenAmbience.wav,-1.215262298670689,-13.267619343927663,0.005262298670688928,-14.482881642716913,-1.2100010595828516,62.82102399918804,-18.520781418031245,0
HotbarError,effects,Assets/Resources/Audio/HotbarError.mp3,Assets/Resources/Audio/HotbarError.wav,4.9950718073705955,-15.98106588008313,-6.2050718073705955,-10.985994081789533,-1.2100010595828516,18.85896439699969,-25.475637269242668,0
Hurt2,effects,Assets/Resources/Audio/Hurt2.wav,Assets/Resources/Audio/Hurt2.wav,-1.5874961711570001,-6.22677015088271,0.3774961711570001,-7.814266329344964,-1.2100004909951931,13.089753041990685,-25.475637269242668,589
Geröll 02,effects,Assets/Resources/Audio/LightRubble02.wav,Assets/Resources/Audio/LightRubble02.wav,-0.6975426308481079,-18.849966662481766,-0.5124573691518921,-19.547509290625506,-1.209999868612916,50.535154880674746,-25.475637269242668,0
Geröll 03,effects,Assets/Resources/Audio/LightRubble03.wav,Assets/Resources/Audio/LightRubble03.wav,-0.8541092751419919,-24.347042759473307,-0.3558907248580081,-25.201151999368598,-1.2099993216166287,96.88928176273642,-25.475637269242668,0
Lade-Ambiente,ambience,Assets/Resources/Audio/LoadingYogaAmbience.mp3,Assets/Resources/Audio/LoadingYogaAmbience.wav,1.0033208044849595,-13.857054595340205,-2.2133208044849595,-12.853733791146995,-1.209999868612916,23.900731267828622,-25.28551001425597,0
OreBreakV3,effects,Assets/Resources/Audio/OreBreakV3.wav,Assets/Resources/Audio/OreBreakV3.wav,-5.462418174426183,-7.432274808043139,4.252418174426183,-12.894693131572888,-1.209999677885415,23.49377434654526,-25.475637269242668,2148
Paper1,effects,Assets/Resources/Audio/Paper1.wav,Assets/Resources/Audio/Paper1.wav,2.926879397815328,-20.902557549732013,-4.136879397815328,-17.975678157470757,-1.2100010595828516,42.16984885405419,-25.475637269242668,0
PickaxeHitL3Plus,effects,Assets/Resources/Audio/PickaxeHitL3Plus.wav,Assets/Resources/Audio/PickaxeHitL3Plus.wav,-3.6173679738221227,-9.574650118727634,2.4073679738221228,-13.192018082039633,-1.2099987854958323,24.311907832170323,-25.475637269242668,108
PickaxeStoneHitL3Plus,effects,Assets/Resources/Audio/PickaxeStoneHitL3Plus.wav,Assets/Resources/Audio/PickaxeStoneHitL3Plus.wav,-5.075837781235244,-13.276827206754788,3.8658377812352445,-18.352664896632707,-1.2099989887662916,44.04041283221698,-25.475637269242668,105
Herzschlag,effects,Assets/Resources/Audio/SingleHeartBeat.wav,Assets/Resources/Audio/SingleHeartBeat.wav,-0.6220925416751512,-14.306163177297279,-0.5879074583248488,-14.928255715276988,-1.209999868612916,29.691416852432695,-25.475637269242668,0
Altar aufladen,effects,Assets/Resources/Audio/UltroniumChargeUp.wav,Assets/Resources/Audio/UltroniumChargeUp.wav,0.8554447157495644,-12.669931383672356,-2.0654447157495643,-11.814486668241024,-1.209999065613794,20.746386763561546,-25.475637269242668,0
Altar vollständig geladen,effects,Assets/Resources/Audio/UltroniumFullCharge.wav,Assets/Resources/Audio/UltroniumFullCharge.wav,-1.5719125218073828,-7.702055590716632,0.36191252180738276,-9.273968111416371,-1.2099992049071915,15.485190131282497,-25.475637269242668,5986
WalkOnGrass,effects,Assets/Resources/Audio/WalkOnGrass.mp3,Assets/Resources/Audio/WalkOnGrass.wav,11.234122902697745,-24.169374277435278,-12.444122902697746,-12.935251354695378,-1.2099991109073787,23.6037335933456,-25.475637269242668,0
Froschquaken 01,effects,Assets/Resources/FrogCroaks/Frog_01.wav,Assets/Resources/FrogCroaks/Frog_01.wav,3.443748080441133,-15.9497757306489,-4.653748080441133,-12.50602762334316,-1.209999868612916,22.465677371206972,-25.475637269242668,0
Froschquaken 02,effects,Assets/Resources/FrogCroaks/Frog_02.wav,Assets/Resources/FrogCroaks/Frog_02.wav,2.87726115327117,-18.173931459807186,-4.08726115327117,-15.296670292666505,-1.2099998098455749,30.977877009696446,-25.475637269242668,0
Froschquaken 03,effects,Assets/Resources/FrogCroaks/Frog_03.wav,Assets/Resources/FrogCroaks/Frog_03.wav,2.265572293682455,-16.404737077938524,-3.475572293682455,-14.139164777696253,-1.209999868612916,27.11292516872105,-25.475637269242668,0
Froschquaken 04,effects,Assets/Resources/FrogCroaks/Frog_04.wav,Assets/Resources/FrogCroaks/Frog_04.wav,4.617311896074013,-18.693733335418674,-5.827311896074013,-14.076421444560276,-1.2099995488032766,26.9177781074904,-25.475637269242668,0
Froschquaken 05,effects,Assets/Resources/FrogCroaks/Frog_05.wav,Assets/Resources/FrogCroaks/Frog_05.wav,1.7132682309899132,-17.04808615571311,-2.923268230989913,-15.334817920212375,-1.210001002998819,31.114228195020633,-25.475637269242668,0
Froschquaken 06,effects,Assets/Resources/FrogCroaks/Frog_06.wav,Assets/Resources/FrogCroaks/Frog_06.wav,5.555440701374601,-20.65251930629901,-6.765440701374601,-15.097078624634394,-1.2100003637834413,30.274157623678903,-25.475637269242668,0
Froschquaken 07,effects,Assets/Resources/FrogCroaks/Frog_07.wav,Assets/Resources/FrogCroaks/Frog_07.wav,5.512794933164654,-19.949162588554465,-6.722794933164654,-14.436367637852994,-1.2100009360942812,28.056695477896533,-25.475637269242668,0
Entfernte Spitzhacke 01,effects,Assets/Resources/Audio/HomeDistantPickaxe01.wav,Assets/Resources/Audio/HomeDistantPickaxe01.wav,-2.278688385698806,-14.32604625023072,1.0686883856988059,-16.604734540178306,-1.2099988511935653,36.01263203324008,-25.475637269242668,86
Entfernte Spitzhacke 02,effects,Assets/Resources/Audio/HomeDistantPickaxe02.wav,Assets/Resources/Audio/HomeDistantPickaxe02.wav,-0.20710295449467453,-22.582236087528816,-1.0028970455053254,-22.78933904260244,-1.209999907531583,73.3981457755713,-25.475637269242668,0
Entfernte Spitzhacke 03,effects,Assets/Resources/Audio/HomeDistantPickaxe03.wav,Assets/Resources/Audio/HomeDistantPickaxe03.wav,-0.20555502106730272,-20.633356472926593,-1.0044449789326972,-20.83891151871659,-1.2100010595828516,58.635915792147856,-25.475637269242668,0
Entfernte Spitzhacke 04,effects,Assets/Resources/Audio/HomeDistantPickaxe04.wav,Assets/Resources/Audio/HomeDistantPickaxe04.wav,-0.20555502106730272,-19.74190335409212,-1.0044449789326972,-19.947458385718907,-1.209999868612916,52.916493230093366,-25.475637269242668,0
Entfernte Spitzhacke 05,effects,Assets/Resources/Audio/HomeDistantPickaxe05.wav,Assets/Resources/Audio/HomeDistantPickaxe05.wav,-0.20555502106730272,-22.8357349380437,-1.0044449789326972,-23.04128997064234,-1.2100010595828516,75.55837950536068,-25.475637269242668,0
Entfernte Spitzhacke 06,effects,Assets/Resources/Audio/HomeDistantPickaxe06.wav,Assets/Resources/Audio/HomeDistantPickaxe06.wav,-0.20555502106730272,-23.49586517183779,-1.0044449789326972,-23.701420107380226,-1.209999868612916,81.52468734250475,-25.475637269242668,0
Entfernte Spitzhacke 07,effects,Assets/Resources/Audio/HomeDistantPickaxe07.wav,Assets/Resources/Audio/HomeDistantPickaxe07.wav,-0.21125032878313343,-19.7323143258397,-0.9987496712168665,-19.943564644589596,-1.2099992994043933,52.892776954763534,-25.475637269242668,0
Entfernte Spitzhacke 08,effects,Assets/Resources/Audio/HomeDistantPickaxe08.wav,Assets/Resources/Audio/HomeDistantPickaxe08.wav,-0.2076498551757402,-24.05403051991627,-1.0023501448242598,-24.26168041715136,-1.2099992509456363,86.95652128843369,-25.47563726924267,0
Wassertropfen 02,effects,Assets/Resources/Audio/HomeWaterdrop02.wav,Assets/Resources/Audio/HomeWaterdrop02.wav,-1.2629699630890938,-13.620338012741177,0.05296996308909393,-14.883307960524121,-1.2100004694286683,29.538166525877557,-25.475637269242668,8
Wassertropfen 03,effects,Assets/Resources/Audio/HomeWaterdrop03.wav,Assets/Resources/Audio/HomeWaterdrop03.wav,-1.2253143805763487,-13.902687848881419,0.01531438057634869,-15.12800222164495,-1.2099998829373362,30.382132094708,-25.475637269242668,3
ArtifactCollected Old,archive,Assets/AC Audio/Archive/ArtifactCollected_Old.mp3,Assets/AC Audio/Archive/ArtifactCollected_Old.wav,2.8973801164487165,-14.833045435461619,-4.1073801164487165,-11.935665321229601,-1.2100010595828516,40.008107693590865,-19.892705109778856,0
FrogCroak 01,archive,Assets/AC Audio/Archive/GeneratedFrogCroaks/FrogCroak_01.wav,Assets/AC Audio/Archive/GeneratedFrogCroaks/FrogCroak_01.wav,0.9177373005768166,-20.810442421208954,-2.1277373005768165,-19.892705109778856,-1.2100002285321143,100.0,-19.892705109778856,0
FrogCroak 02,archive,Assets/AC Audio/Archive/GeneratedFrogCroaks/FrogCroak_02.wav,Assets/AC Audio/Archive/GeneratedFrogCroaks/FrogCroak_02.wav,0.9231074325543225,-20.47748462307503,-2.1331074325543224,-19.554377181743867,-1.209999238237495,96.17974107962665,-19.892705109778856,0
FrogCroak 03,archive,Assets/AC Audio/Archive/GeneratedFrogCroaks/FrogCroak_03.wav,Assets/AC Audio/Archive/GeneratedFrogCroaks/FrogCroak_03.wav,0.9356256891754553,-19.882497144870655,-2.1456256891754553,-18.94687143112777,-1.2099987104119023,89.68262593866059,-19.892705109778856,0
HeartBeating-loop,archive,Assets/AC Audio/Archive/HeartBeating-loop.wav,Assets/AC Audio/Archive/HeartBeating-loop.wav,-1.2155273750310691,-16.51480818300263,0.005527375031069195,-17.696258152934877,-1.209999868612916,77.65647126145635,-19.892705109778856,148
ErdkruemelRollen,archive,Assets/AC Audio/Archive/Layer1Details/ErdkruemelRollen.wav,Assets/AC Audio/Archive/Layer1Details/ErdkruemelRollen.wav,0.7844715618459643,-16.9530781477634,-1.9944715618459643,-16.16860658151289,-1.209999868612916,65.13209888900091,-19.892705109778856,0
GravelSlide,archive,Assets/AC Audio/Archive/Layer1Details/GravelSlide.mp3,Assets/AC Audio/Archive/Layer1Details/GravelSlide.wav,-1.2831735585105735,-15.002773081294313,0.07317355851057339,-16.285946646851137,-1.2100010595828516,66.0179564501769,-19.892705109778856,13
SandrieselnFein,archive,Assets/AC Audio/Archive/Layer1Details/SandrieselnFein.wav,Assets/AC Audio/Archive/Layer1Details/SandrieselnFein.wav,14.421769936780166,-24.829813008553824,-15.631769936780167,-10.4908904223643,-1.209999249287616,33.877337098965945,-19.892705109778856,0
SandrieselnSchuebe,archive,Assets/AC Audio/Archive/Layer1Details/SandrieselnSchuebe.wav,Assets/AC Audio/Archive/Layer1Details/SandrieselnSchuebe.wav,14.723174115462236,-25.807369175661215,-15.933174115462236,-11.129610875155883,-1.2100000582073052,36.462403124261755,-19.892705109778856,0
LowEnergyBip Old,archive,Assets/AC Audio/Archive/LowEnergyBip_Old.wav,Assets/AC Audio/Archive/LowEnergyBip_Old.wav,7.8668211517495505,-13.519737375166358,-9.07682115174955,-6.817533880700928,-1.210000901463019,22.19429930783304,-19.892705109778856,0
OreBreak Old,archive,Assets/AC Audio/Archive/Mining/OreBreak_Old.wav,Assets/AC Audio/Archive/Mining/OreBreak_Old.wav,-0.46514913883027975,-19.124319801802308,-0.7448508611697202,-19.589468942295678,-1.209999252120145,96.5691017162275,-19.892705109778856,0
epic upgrade boom,effects,Assets/ZZZ New Assets/epic upgrade boom.mp3,Assets/ZZZ New Assets/epic upgrade boom.wav,-1.3805904362572845,-14.532616883633047,0.1705904362572846,-15.913207326643457,-1.2100010595828516,33.256650231204205,-25.475637269242668,4
